{
    "MRR": 0.06125115230679512,
    "Hits@1": 0.03449999913573265,
    "Hits@3": 0.06449999660253525,
    "Hits@10": 0.10625000298023224
}